<?xml version="1.0" encoding="utf-8"?>
<install type="component" version="1.5.0">
 <name>galleryxml</name>
 <creationDate>2010-05-22</creationDate>
 <author>XML/SWF</author>
 <authorEmail>xmlswf@gmail.com</authorEmail>
 <authorUrl>http://xmlswf.com</authorUrl>
 <copyright>All rights reserved by XML/SWF 2010</copyright> 
 <license>GPL 2.0</license> 
 <version>3.3</version>
 <description>Gallery XML component lets you add categories and images under categories.</description>

 <files folder="site">
  <filename>controller.php</filename>
  <filename>galleryxml.php</filename>
  <filename>noimage_thumb.jpg</filename>
  <filename>noimage.jpg</filename>
  <filename>noimage_params.gif</filename>
  <filename>index.html</filename>
  <filename>views/index.html</filename>
  <filename>models/gallery.php</filename>
  <filename>models/galpic.php</filename>
  <filename>models/index.html</filename>
  <filename>controllers/index.html</filename>
  <filename>controllers/galpic.php</filename>
  <filename>views/gallery/index.html</filename>
  <filename>views/gallery/view.html.php</filename>
  <filename>views/gallery/tmpl/default.php</filename>
  <filename>views/gallery/tmpl/index.html</filename>
  <filename>sb/index.html</filename>
  <filename>sb/close.png</filename>
  <filename>sb/loading.gif</filename>
  <filename>sb/next.png</filename>
  <filename>sb/pause.png</filename>
  <filename>sb/play.png</filename>
  <filename>sb/previous.png</filename>
  <filename>sb/shadowbox.js</filename>
  <filename>sb/jqmin.js</filename>
  <filename>sb/player.swf</filename>
  <filename>sb/expressInstall.swf</filename>
  <filename>sb/jquery.tools.min.js</filename>
  <filename>sb/hori_large.png</filename>
  <filename>sb/tooltip/index.html</filename>
  <filename>sb/tooltip/black.png</filename>
  <filename>sb/tooltip/black_arrow.png</filename>
  <filename>sb/tooltip/black_arrow_big.png</filename>
  <filename>sb/tooltip/black_big.png</filename>
  <filename>sb/tooltip/white.png</filename>
  <filename>sb/tooltip/white_arrow.png</filename>
  <filename>sb/tooltip/white_arrow_big.png</filename>
  <filename>sb/tooltip/white_big.png</filename>
 </files>
 
  <install>
  <sql>
    <file charset="utf8" driver="mysql">install.sql</file>
  </sql>
 </install>
 <uninstall>
  <sql>
    <file charset="utf8" driver="mysql">uninstall.sql</file>
  </sql>
 </uninstall>

 <administration>
  <!-- Administration Menu Section -->
  <menu>XML/SWF Gallery Component</menu>
  <submenu>
		<menu>Pictures</menu>
		<menu controller="categories">Categories</menu>
		<menu controller="multiup">Multiple Upload</menu>
  </submenu>
 
  <!-- Administration Main File Copy Section -->
  <files folder="admin">
	<filename>config.xml</filename>
   <filename>galleryxml.php</filename>
   <filename>index.html</filename>
   <filename>install.sql</filename>
   <filename>uninstall.sql</filename>
   <filename>controller.php</filename>
   <filename>upfuf.php</filename>
   <filename>controllers/multiup.php</filename>
   <filename>controllers/item.php</filename>
   <filename>controllers/category.php</filename>
   <filename>controllers/categories.php</filename>
   <filename>controllers/index.html</filename>
   <filename>models/item.php</filename>
   <filename>models/gallery.php</filename>
   <filename>models/category.php</filename>
   <filename>models/categories.php</filename>
   <filename>models/multiup.php</filename>
   <filename>models/index.html</filename>
   <filename>swfupload/images/blank_btn.png</filename>
   <filename>swfupload/fileprogress.js</filename>
   <filename>swfupload/handlers.js</filename>
   <filename>swfupload/swfupload.queue.js</filename>
   <filename>swfupload/default.css</filename>
   <filename>swfupload/swfupload.js</filename>
   <filename>swfupload/swfupload.swf</filename>
   <filename>swfupload/swfupload_fp9.swf</filename>
   <filename>swfupload/swfupload.speed.js</filename>
   <filename>swfupload/swfupload.proxy.js</filename>
   <filename>swfupload/swfupload.cookies.js</filename>
   <filename>swfupload/index.html</filename>
   <filename>tables/item.php</filename>
   <filename>tables/category.php</filename>
   <filename>tables/index.html</filename>
   <filename>views/index.html</filename>
   <filename>views/multiup/index.html</filename>
   <filename>views/multiup/view.html.php</filename>
   <filename>views/multiup/tmpl/index.html</filename>
   <filename>views/multiup/tmpl/form.php</filename>
   <filename>views/gallery/index.html</filename>
   <filename>views/gallery/view.html.php</filename>
   <filename>views/gallery/tmpl/index.html</filename>
   <filename>views/gallery/tmpl/default.php</filename>
   <filename>views/item/view.html.php</filename>
   <filename>views/item/index.html</filename>
   <filename>views/item/tmpl/form.php</filename>
   <filename>views/item/tmpl/index.html</filename>
   <filename>views/category/view.html.php</filename>
   <filename>views/category/index.html</filename>
   <filename>views/category/tmpl/form.php</filename>
   <filename>views/category/tmpl/index.html</filename>
   <filename>views/categories/view.html.php</filename>
   <filename>views/categories/index.html</filename>
   <filename>views/categories/tmpl/default.php</filename>
   <filename>views/categories/tmpl/index.html</filename>
  </files>
 
 </administration>
</install>