<?xml version="1.0" encoding="utf-8"?>
<install version="1.5" type="plugin" group="search" method="upgrade">
	<name>Search - Ninjaboard</name>
	<author>NinjaForge</author>
	<creationDate>March 2010</creationDate>
	<copyright>(C) 2007-2010 Ninja Media Group. All rights reserved.</copyright>
	<license>GNU GPLv3</license>
	<authoremail>support@ninjaforge.com</authoremail>
	<authorurl>ninjaforge.com</authorurl>
	<version>1.0</version>
	<description>Lets you search after forums, posts, topics.</description>
	<files>
		<filename plugin="ninjaboard">ninjaboard.php</filename>
	</files>
	<params>
		<param name="search_limit" type="text" size="5" default="50" label="Search Limit" description="Number of Search items to return"/>
	</params>
</install>