<?xml version="1.0" encoding="utf-8"?><install type="module" version="1.5.0"><name>XML/SWF Smooth Slider</name><creationDate>2010-10-12</creationDate><author>XML/SWF</author><authorEmail>xmlswf@gmail.com</authorEmail><authorUrl>http://xmlswf.com</authorUrl><copyright>All rights reserved by XML/SWF 2010</copyright><license>GPL 2.0</license><version>1.0</version><description>XML/SWF Smooth Slider</description>     <!-- Listing of all files that should be installed for the module to function -->        <files>        <!-- The "module" attribute signifies that this is the main controller file -->		<filename module="mod_smoothslider">mod_smoothslider.php</filename>		<filename module="mod_smoothslider">index.html</filename>		<filename module="mod_smoothslider">mod_smoothslider.swf</filename>		<filename module="mod_smoothslider">AC_RunActiveContent.js</filename>		</files>    <params><param name="category_id" type="text" default="0" label="Category Id" description="Enter comma seperated Category Id-s if you would like to display products related to a perticular Categories or enter 0 for to show all categories" /><param name="bannerWidth" type="text" default="700" label="Gallery Width (px)" description="Width of object ."/><param name="bannerHeight" type="text" default="399" label="Gallery Height (px)" description="Height of object "/><param name="backgroundColor" type="text" default="#FFFFFF" label="Flash object background color" description="Flash object background color. For example: #CCCCCC."/><param name="baseColor" type="text" default="0x000000" label="Base background color" description="Base background color. For example: 0x000000."/><param name="wmode" type="list" default="transparent" label="wmode" description="Select the wmode of flash">	<option value="opaque">opaque</option>	<option value="transparent">transparent</option>	<option value="window">window</option></param><param name="transitionTime" type="text" default="3" label="Transition Time" description="Transition Time"/><param name="autoScale" type="list" default="1" label="Auto Scale" description="Auto Scale" > 	<option value="1">Yes</option>	<option value="0">No</option></param><param name="autoAlign" type="list" default="1" label="Auto Align" description="Auto Align" > 	<option value="1">Yes</option>	<option value="0">No</option></param><param name="autoSlideTime" type="text" default="5" label="Auto Slide Time" description="Auto Slide Time"/><param name="menuspeed" type="text" default="10" label="Menu speed" description="Menu speed"/><param name="menuXpos" type="text" default="100" label="Menu Xpos" description="Menu X position"/><param name="menuWidth" type="text" default="200" label="Menu Width" description="Menu Width"/><param name="menuFontSize" type="text" default="12" label="Menu Font Size" description="Menu Font Size"/><param name="borderColor" type="text" default="0xb0cb5b" label="Border Color" description="Border Color"/><param name="menuColor" type="text" default="0xffffff" label="Menu Color" description="Menu Color"/><param name="menuButtonColor" type="text" default="0xe2ead7" label="Menu Button Color" description="Menu Button Color"/><param name="menuButtonOverColor" type="text" default="0x558204" label="Menu Button Over Color" description="Menu Button Over Color"/><param name="menualpha" type="text" default="50" label="Menu alpha" description="Menu alpha"/><param name="menuTextColor" type="text" default="0x3f6500" label="Menu Text Color" description="Menu Text Color"/><param name="menuOverTextColor" type="text" default="0xffffff" label="Menu Over Text Color" description="Menu Over Text Color"/><param name="boxwidth" type="text" default="225" label="Box width" description="Box width"/><param name="boxheight" type="text" default="150" label="Box height" description="Box height"/><param name="infoFontSizeBig" type="text" default="16" label="Info Font Size Big" description="Info Font Size Big"/><param name="infoFontSizeSmall" type="text" default="10" label="Info Font Size Small" description="Info Font Size Small"/><param name="numberingColor" type="text" default="0xffffff" label="Index Color" description="Index Color"/><param name="numberingColor1" type="text" default="0xffffff" label="Index Color 1" description="Index Color 1"/><param name="numberingColorOver" type="text" default="0xff0000" label="Index Over Color" description="Index Over Color"/><param name="tagColor" type="text" default="0x5a889f" label="Tag Color" description="Tag Color"/><param name="tagXpos" type="text" default="650" label="Tag X position" description="Tag X position" /><param name="tagTextColor" type="text" default="0xffffff" label="Tag Text Color" description="Tag Text Color"/><param name="tagTextSize" type="text" default="20" label="Tag Text Size" description="Tag Text Size"/><!-- pic Parameters --><param name="notetext" type="text" default="Note Here" label="Right Note" description="The Note shown on the right."/><param name="x1" type="text" default="0" label="First X position" description="X position the picture is placed when picture is loading. The picture moves to the second position."/><param name="x2" type="text" default="0" label="Second X position" description="The picture is moved from first to second position when loading."/><param name="FindMoreColorBack" type="text" default="0x095373" label="Find More Color Back" description="Find More Color Background"/><param name="FindMoreColorText" type="text" default="0xffffff" label="Find More Color Text" description="Find More Color Text"/><param name="FindMoreAlpha" type="text" default="0.3" label="Find More Alpha" description="Find More Alpha"/><param name="FindMoreButtonColor" type="text" default="0x38c0fb" label="Find More Button Color" description="Find More Button Color"/><param name="FindMoreButtonTextColor" type="text" default="0xffffff" label="Find More Button Text Color" description="Find More Button Text Color"/><param name="showdesc" type="list" default="1" label="Show Description" description="Show Product Description" > 	<option value="1">Yes</option>	<option value="2">No</option></param><param name="target" type="list" default="_self" label="Target Link" description="Where do you load the target url when user clicks on View More" > <option value="_blank">_blank</option><option value="_self">_self</option></param><!-- End of pic Parameters --><param name="catppv_flag" type="list" default="2" label="Fix IE cache bug" description="IE cache bug: Different instances of module shows only the first loaded category. If enabled different xml files and swf files will be created for different categories." > 	<option value="1">yes</option>	<option value="2">no</option></param></params></install>